[
    {
        "title": "Michael FARADAY",
        "img": "https://upload.wikimedia.org/wikipedia/commons/5/54/Michael_Faraday_001.jpg",
        "desc": "Michael Faraday (Newington, 22 septembre 1791 - Hampton Court, 25 août 1867) est un physicien et un chimiste britannique, connu pour ses travaux fondamentaux dans le domaine de l'électromagnétisme, l'électrochimie, le diamagnétisme, et l'électrolyse."
    },
    {
        "title": "Nikola TESLA",
        "img": "https://upload.wikimedia.org/wikipedia/commons/thumb/5/50/Tesla-bulb.jpg/260px-Tesla-bulb.jpg",
        "desc": "Nikola Tesla (en serbe cyrillique : Никола Тесла), né dans la nuit du 9 au 10 juillet 1856 à Smiljan dans l'Empire d'Autriche (actuelle Croatie) et mort le 7 janvier 1943 à New York, est un inventeur et ingénieur américain d'origine serbe. Il est notoirement connu pour son rôle prépondérant dans le développement et l'adoption du courant alternatif pour le transport et la distribution de l'électricité."
    },
    {
        "title": "Benjamin Franklin",
        "img": "https://upload.wikimedia.org/wikipedia/commons/2/25/Benjamin_Franklin_by_Joseph_Duplessis_1778.jpg",
        "desc": "Benjamin Franklin /ˈbɛnd͡ʒəmɪn ˈfɹæŋklɪn/1, né le 17 janvier 1706 à Boston et mort le 17 avril 1790 à Philadelphie, est un imprimeur, éditeur, écrivain, naturaliste, inventeur, abolitionniste et homme politique américain."
    },
    {
        "title": "André-Marie AMPÈRE",
        "img": "https://upload.wikimedia.org/wikipedia/commons/c/c0/Ampere_Andre_1825.jpg",
        "desc": "André-Marie Ampère (Lyon1, 20 janvier 1775 – Marseille, 10 juin 1836) est un mathématicien, physicien, chimiste et philosophe français. Il a été membre de l'Académie des sciences, ainsi que professeur à l'École polytechnique et au Collège de France."
    }
]